,an,brand,modelo,prices.amountMax,prices.amountMin,prices.isSale
5728,2018,nike,basketball,70.0,70.0,False
5729,2018,nike,basketball,70.0,70.0,False
7922,2018,nike,others,55.0,49.99,False
7923,2018,nike,others,55.0,41.25,False
7924,2018,nike,others,55.0,55.0,False
7925,2018,nike,others,55.0,55.0,False
7926,2018,nike,others,55.0,55.0,False
7927,2018,nike,others,55.0,49.99,False
7928,2018,nike,others,55.0,49.99,False
7929,2018,nike,others,55.0,49.99,False
7930,2018,nike,others,55.0,49.99,False
7931,2018,nike,others,55.0,41.25,False
7958,2018,nike,court tennis,65.0,45.5,False
7959,2018,nike,court tennis,65.0,65.0,False
7960,2018,nike,court tennis,65.0,65.0,False
7961,2018,nike,court tennis,65.0,45.5,False
7962,2018,nike,court tennis,65.0,65.0,False
7963,2018,nike,court tennis,65.0,65.0,False
7964,2018,nike,court tennis,65.0,65.0,False
7965,2018,nike,flex experience,65.0,65.0,False
7966,2018,nike,flex experience,65.0,59.99,False
7967,2018,nike,flex experience,65.0,48.75,False
7968,2018,nike,flex experience,65.0,65.0,False
7969,2018,nike,flex experience,65.0,48.75,False
7970,2018,nike,flex experience,65.0,48.75,False
7971,2018,nike,flex experience,65.0,65.0,False
7972,2018,nike,flex experience,65.0,59.99,False
7973,2018,nike,flex experience,65.0,48.75,False
7974,2018,nike,flex experience,65.0,59.99,False
7975,2018,nike,flex experience,65.0,48.75,False
7976,2018,nike,flex experience,65.0,48.75,False
7977,2018,nike,flex experience,65.0,48.75,False
7978,2018,nike,flex experience,65.0,65.0,False
7979,2018,nike,flex experience,65.0,54.99,False
7980,2018,nike,flex experience,65.0,65.0,False
7981,2018,nike,flex experience,65.0,54.99,False
7982,2018,nike,flex experience,65.0,48.75,False
7983,2018,nike,flex experience,65.0,65.0,False
7984,2018,nike,flex experience,65.0,48.75,False
7985,2018,nike,flex experience,65.0,48.75,False
7986,2018,nike,flex experience,65.0,54.99,False
7987,2018,nike,flex experience,65.0,65.0,False
7988,2018,nike,flex experience,65.0,48.75,False
7989,2018,nike,flex experience,65.0,59.99,False
7990,2018,nike,flex experience,65.0,48.75,False
7991,2018,nike,flex experience,65.0,48.75,False
7992,2018,nike,flex experience,65.0,65.0,False
7993,2018,nike,flex experience,65.0,65.0,False
7994,2018,nike,flex experience,65.0,48.75,False
7995,2018,nike,flex experience,65.0,54.99,False
7996,2018,nike,flex experience,65.0,48.75,False
7997,2018,nike,flex experience,65.0,48.75,False
7998,2018,nike,flex experience,65.0,48.75,False
7999,2018,nike,flex experience,65.0,65.0,False
8000,2018,nike,flex experience,65.0,48.75,False
8001,2018,nike,flex experience,65.0,65.0,False
8002,2018,nike,flex experience,65.0,65.0,False
8003,2018,nike,flex experience,65.0,65.0,False
8004,2018,nike,flex experience,65.0,48.75,False
8005,2018,nike,flex experience,65.0,65.0,False
8006,2018,nike,flex experience,65.0,54.99,False
8007,2018,nike,flex experience,65.0,65.0,False
8008,2018,nike,flex experience,65.0,65.0,False
8009,2018,nike,flex experience,65.0,48.75,False
8010,2018,nike,flex experience,65.0,48.75,False
8011,2018,nike,flex experience,65.0,65.0,False
8012,2018,nike,flex experience,65.0,48.75,False
8013,2018,nike,flex experience,65.0,59.99,False
8014,2018,nike,flex experience,65.0,65.0,False
8015,2018,nike,flex experience,65.0,65.0,False
8016,2018,nike,flex experience,65.0,65.0,False
8017,2018,nike,flex experience,65.0,54.99,False
8018,2018,nike,flex experience,65.0,59.99,False
8019,2018,nike,flex experience,65.0,59.99,False
8020,2018,nike,flex experience,65.0,65.0,False
8021,2018,nike,flex experience,65.0,65.0,False
8022,2018,nike,flex experience,65.0,54.99,False
8023,2018,nike,flex experience,65.0,65.0,False
8024,2018,nike,flex experience,65.0,48.75,False
8025,2018,nike,flex experience,65.0,48.75,False
8026,2018,nike,flex experience,65.0,48.75,False
8027,2018,nike,flex experience,65.0,65.0,False
8028,2018,nike,flex experience,65.0,48.75,False
8029,2018,nike,flex experience,65.0,54.99,False
8030,2018,nike,flex experience,65.0,48.75,False
8031,2018,nike,flex experience,65.0,48.75,False
8032,2018,nike,flex experience,65.0,48.75,False
8033,2018,nike,flex experience,65.0,48.75,False
8034,2018,nike,flex experience,65.0,48.75,False
8035,2018,nike,flex experience,65.0,48.75,False
8036,2018,nike,flex experience,65.0,54.99,False
8037,2018,nike,flex experience,65.0,48.75,False
8038,2018,nike,flex experience,65.0,65.0,False
8039,2018,nike,flex experience,65.0,48.75,False
8040,2018,nike,flex experience,65.0,48.75,False
8041,2018,nike,flex experience,65.0,48.75,False
8042,2018,nike,flex experience,65.0,54.99,False
8043,2018,nike,flex experience,65.0,48.75,False
8044,2018,nike,flex experience,65.0,65.0,False
8045,2018,nike,flex experience,65.0,65.0,False
8046,2018,nike,flex experience,65.0,48.75,False
8047,2018,nike,flex experience,65.0,48.75,False
8048,2018,nike,flex experience,65.0,54.99,False
8049,2018,nike,flex experience,65.0,65.0,False
8050,2018,nike,flex experience,65.0,48.75,False
8051,2018,nike,flex experience,65.0,54.99,False
8052,2018,nike,flex experience,65.0,65.0,False
8053,2018,nike,flex experience,65.0,54.99,False
8054,2018,nike,flex experience,65.0,65.0,False
8055,2018,nike,flex experience,65.0,59.99,False
8056,2018,nike,flex experience,65.0,65.0,False
8057,2018,nike,flex experience,65.0,59.99,False
8058,2018,nike,flex experience,65.0,48.75,False
8059,2018,nike,flex experience,65.0,48.75,False
8060,2018,nike,flex experience,65.0,54.99,False
8061,2018,nike,flex experience,65.0,48.75,False
8062,2018,nike,flex experience,65.0,48.75,False
8063,2018,nike,flex experience,65.0,65.0,False
8064,2018,nike,flex experience,65.0,48.75,False
8065,2018,nike,flex experience,65.0,59.99,False
8066,2018,nike,flex experience,65.0,65.0,False
8067,2018,nike,flex experience,65.0,48.75,False
8068,2018,nike,flex experience,65.0,65.0,False
8069,2018,nike,flex experience,65.0,65.0,False
8070,2018,nike,flex experience,65.0,48.75,False
8071,2018,nike,flex experience,65.0,48.75,False
8072,2018,nike,flex experience,65.0,54.99,False
8073,2018,nike,flex experience,65.0,65.0,False
8074,2018,nike,flex experience,65.0,48.75,False
8075,2018,nike,flex experience,65.0,54.99,False
8076,2018,nike,flex experience,65.0,48.75,False
8077,2018,nike,flex experience,65.0,59.99,False
8078,2018,nike,flex experience,65.0,65.0,False
8079,2018,nike,flex experience,65.0,48.75,False
8080,2018,nike,flex experience,65.0,59.99,False
8081,2018,nike,flex experience,65.0,48.75,False
8082,2018,nike,flex experience,65.0,59.99,False
8083,2018,nike,flex experience,65.0,54.99,False
8084,2018,nike,flex experience,65.0,48.75,False
8085,2018,nike,flex experience,65.0,59.99,False
8086,2018,nike,flex experience,65.0,65.0,False
8087,2018,nike,flex experience,65.0,48.75,False
8088,2018,nike,flex experience,65.0,54.99,False
8089,2018,nike,flex experience,65.0,65.0,False
8090,2018,nike,flex experience,65.0,48.75,False
8091,2018,nike,flex experience,65.0,48.75,False
8092,2018,nike,flex experience,65.0,59.99,False
8093,2018,nike,flex experience,65.0,48.75,False
8094,2018,nike,flex experience,65.0,48.75,False
8095,2018,nike,flex experience,65.0,65.0,False
8096,2018,nike,flex experience,65.0,48.75,False
8097,2018,nike,flex experience,65.0,48.75,False
8098,2018,nike,flex experience,65.0,65.0,False
8099,2018,nike,flex experience,65.0,65.0,False
8100,2018,nike,flex experience,65.0,45.5,False
8101,2018,nike,flex experience,65.0,48.75,False
8102,2018,nike,flex experience,65.0,65.0,False
8103,2018,nike,flex experience,65.0,54.99,False
8104,2018,nike,flex experience,65.0,65.0,False
8105,2018,nike,flex experience,65.0,48.75,False
8106,2018,nike,flex experience,65.0,54.99,False
8107,2018,nike,flex experience,65.0,48.75,False
8108,2018,nike,flex experience,65.0,59.99,False
8109,2018,nike,flex experience,65.0,59.99,False
8110,2018,nike,flex experience,65.0,54.99,False
8111,2018,nike,flex experience,65.0,65.0,False
8112,2018,nike,flex experience,65.0,54.99,False
8113,2018,nike,flex experience,65.0,54.99,False
8114,2018,nike,flex experience,65.0,48.75,False
8115,2018,nike,flex experience,65.0,65.0,False
8116,2018,nike,flex experience,65.0,59.99,False
8117,2018,nike,flex experience,65.0,48.75,False
8118,2018,nike,flex experience,65.0,59.99,False
8119,2018,nike,flex experience,65.0,65.0,False
8120,2018,nike,flex experience,65.0,48.75,False
8121,2018,nike,flex experience,65.0,54.99,False
8122,2018,nike,flex experience,65.0,54.99,False
8123,2018,nike,flex experience,65.0,48.75,False
8124,2018,nike,flex experience,65.0,48.75,False
8125,2018,nike,flex experience,65.0,48.75,False
8126,2018,nike,flex experience,65.0,48.75,False
8127,2018,nike,flex experience,65.0,48.75,False
8128,2018,nike,flex experience,65.0,48.75,False
8129,2018,nike,flex experience,65.0,48.75,False
8130,2018,nike,flex experience,65.0,65.0,False
8131,2018,nike,flex experience,65.0,48.75,False
8132,2018,nike,flex experience,65.0,65.0,False
8133,2018,nike,flex experience,65.0,54.99,False
8134,2018,nike,flex experience,65.0,59.99,False
8135,2018,nike,flex experience,65.0,65.0,False
8136,2018,nike,flex experience,65.0,48.75,False
8137,2018,nike,flex experience,65.0,54.99,False
8138,2018,nike,flex experience,65.0,54.99,False
8139,2018,nike,flex experience,65.0,48.75,False
8140,2018,nike,flex experience,65.0,59.99,False
8141,2018,nike,flex experience,65.0,48.75,False
8142,2018,nike,flex experience,65.0,54.99,False
8143,2018,nike,flex experience,65.0,59.99,False
8144,2018,nike,flex experience,65.0,48.75,False
8145,2018,nike,flex experience,65.0,48.75,False
8146,2018,nike,flex experience,65.0,48.75,False
8147,2018,nike,flex experience,65.0,54.99,False
8148,2018,nike,flex experience,65.0,48.75,False
8149,2018,nike,flex experience,65.0,48.75,False
8204,2018,nike,sb skate,65.0,65.0,False
8205,2018,nike,sb skate,70.0,42.0,False
8206,2018,nike,sb skate,70.0,70.0,False
8207,2018,nike,sb skate,65.0,54.99,False
8208,2018,nike,sb skate,65.0,59.99,False
8209,2018,nike,sb skate,65.0,59.99,False
8210,2018,nike,sb skate,65.0,65.0,False
8211,2018,nike,sb skate,65.0,59.99,False
8212,2018,nike,others,70.0,54.99,False
8213,2018,nike,others,70.0,52.5,False
8214,2018,nike,others,70.0,52.5,False
8215,2018,nike,others,70.0,54.99,False
8216,2018,nike,others,70.0,52.5,False
8217,2018,nike,others,70.0,70.0,False
8218,2018,nike,others,70.0,54.99,False
8219,2018,nike,others,70.0,54.99,False
8220,2018,nike,others,70.0,70.0,False
8221,2018,nike,others,70.0,54.99,False
8222,2018,nike,racing,80.0,56.0,False
8223,2018,nike,racing,80.0,56.0,False
8224,2018,nike,racing,80.0,64.99,False
8225,2018,nike,racing,80.0,64.99,False
8226,2018,nike,racing,80.0,80.0,False
8227,2018,nike,racing,80.0,56.0,False
8228,2018,nike,racing,80.0,80.0,False
8229,2018,nike,racing,80.0,80.0,False
8230,2018,nike,racing,80.0,64.99,False
8231,2018,nike,racing,80.0,64.99,False
8232,2018,nike,racing,80.0,64.99,False
8401,2018,nike,az winflo,90.0,67.5,False
8402,2018,nike,az winflo,90.0,90.0,False
8403,2018,nike,az winflo,90.0,90.0,False
8404,2018,nike,az winflo,90.0,90.0,False
8405,2018,nike,az winflo,90.0,67.5,False
8406,2018,nike,az winflo,90.0,84.99,False
8407,2018,nike,az winflo,90.0,79.99,False
8408,2018,nike,az winflo,90.0,67.5,False
8409,2018,nike,az winflo,90.0,90.0,False
8410,2018,nike,az winflo,90.0,79.99,False
8411,2018,nike,az winflo,90.0,90.0,False
8412,2018,nike,az winflo,90.0,67.5,False
8413,2018,nike,az winflo,90.0,90.0,False
8414,2018,nike,az winflo,90.0,90.0,False
8415,2018,nike,az winflo,90.0,90.0,False
8416,2018,nike,az winflo,90.0,67.5,False
8417,2018,nike,az winflo,90.0,67.5,False
8418,2018,nike,az winflo,90.0,90.0,False
8419,2018,nike,az winflo,90.0,69.99,False
8420,2018,nike,az winflo,90.0,84.99,False
8421,2018,nike,az winflo,90.0,84.99,False
8422,2018,nike,az winflo,90.0,90.0,False
8423,2018,nike,az winflo,90.0,90.0,False
8424,2018,nike,az winflo,90.0,79.99,False
8425,2018,nike,az winflo,90.0,84.99,False
8426,2018,nike,az winflo,90.0,90.0,False
8427,2018,nike,az winflo,90.0,67.5,False
8428,2018,nike,az winflo,90.0,84.99,False
8429,2018,nike,az winflo,90.0,79.99,False
8430,2018,nike,az winflo,90.0,90.0,False
8431,2018,nike,az winflo,90.0,67.5,False
8432,2018,nike,az winflo,90.0,90.0,False
8433,2018,nike,az winflo,90.0,90.0,False
8434,2018,nike,az winflo,90.0,90.0,False
8435,2018,nike,az winflo,90.0,90.0,False
8436,2018,nike,az winflo,90.0,69.99,False
8437,2018,nike,az winflo,90.0,79.99,False
8438,2018,nike,az winflo,90.0,90.0,False
8439,2018,nike,az winflo,90.0,67.5,False
8440,2018,nike,az winflo,90.0,67.5,False
8441,2018,nike,az winflo,90.0,90.0,False
8442,2018,nike,az winflo,90.0,90.0,False
8443,2018,nike,az winflo,90.0,79.99,False
8444,2018,nike,az winflo,90.0,63.0,False
8445,2018,nike,az winflo,90.0,90.0,False
8446,2018,nike,az winflo,90.0,67.5,False
8447,2018,nike,az winflo,90.0,67.5,False
8448,2018,nike,az winflo,90.0,90.0,False
8449,2018,nike,az winflo,90.0,90.0,False
8450,2018,nike,az winflo,90.0,63.0,False
8451,2018,nike,az winflo,90.0,90.0,False
8452,2018,nike,az winflo,90.0,84.99,False
8453,2018,nike,az winflo,90.0,79.99,False
8454,2018,nike,az winflo,90.0,90.0,False
8455,2018,nike,az winflo,90.0,90.0,False
8456,2018,nike,az winflo,90.0,69.99,False
8457,2018,nike,az winflo,90.0,79.99,False
8458,2018,nike,az winflo,90.0,90.0,False
8459,2018,nike,az winflo,90.0,67.5,False
8460,2018,nike,az winflo,90.0,84.99,False
8461,2018,nike,az winflo,90.0,67.5,False
8462,2018,nike,az winflo,90.0,67.5,False
8463,2018,nike,az winflo,90.0,69.99,False
8464,2018,nike,az winflo,90.0,67.5,False
8465,2018,nike,az winflo,90.0,67.5,False
8466,2018,nike,az winflo,90.0,84.99,False
8467,2018,nike,az winflo,90.0,84.99,False
8468,2018,nike,az winflo,90.0,90.0,False
8469,2018,nike,az winflo,90.0,67.5,False
8470,2018,nike,az winflo,90.0,84.99,False
8471,2018,nike,az winflo,90.0,90.0,False
8472,2018,nike,az winflo,90.0,79.99,False
8473,2018,nike,lunar running,85.0,69.99,False
8474,2018,nike,lunar running,85.0,69.99,False
8475,2018,nike,lunar running,85.0,69.99,False
8476,2018,nike,lunar running,85.0,69.99,False
8477,2018,nike,lunar running,85.0,69.99,False
8478,2018,nike,lunar running,85.0,69.99,False
8479,2018,nike,lunar running,85.0,69.99,False
8480,2018,nike,lunar running,85.0,69.99,False
8481,2018,nike,lunar running,85.0,69.99,False
8482,2018,nike,lunar running,85.0,69.99,False
8483,2018,nike,in-season,75.0,56.25,False
8484,2018,nike,in-season,75.0,56.25,False
8485,2018,nike,in-season,75.0,69.99,False
8486,2018,nike,in-season,75.0,69.99,False
8487,2018,nike,in-season,75.0,56.25,False
8488,2018,nike,in-season,75.0,69.99,False
8489,2018,nike,in-season,75.0,56.25,False
8490,2018,nike,in-season,75.0,56.25,False
8491,2018,nike,in-season,75.0,75.0,False
8492,2018,nike,in-season,75.0,75.0,False
8493,2018,nike,in-season,75.0,69.99,False
8494,2018,nike,in-season,75.0,56.25,False
8495,2018,nike,in-season,75.0,75.0,False
8496,2018,nike,in-season,75.0,64.99,False
8497,2018,nike,in-season,75.0,56.25,False
8498,2018,nike,in-season,75.0,56.25,False
8499,2018,nike,in-season,75.0,56.25,False
8500,2018,nike,in-season,75.0,75.0,False
8501,2018,nike,in-season,75.0,69.99,False
8502,2018,nike,in-season,75.0,64.99,False
8503,2018,nike,in-season,75.0,69.99,False
8504,2018,nike,in-season,75.0,69.99,False
8505,2018,nike,in-season,75.0,75.0,False
8506,2018,nike,in-season,75.0,56.25,False
8507,2018,nike,in-season,75.0,56.25,False
8508,2018,nike,in-season,75.0,75.0,False
8509,2018,nike,in-season,75.0,69.99,False
8510,2018,nike,in-season,75.0,56.25,False
8511,2018,nike,in-season,75.0,56.25,False
8512,2018,nike,in-season,75.0,69.99,False
8513,2018,nike,in-season,75.0,75.0,False
8514,2018,nike,in-season,75.0,69.99,False
8515,2018,nike,in-season,75.0,56.25,False
8516,2018,nike,in-season,75.0,75.0,False
8517,2018,nike,in-season,75.0,56.25,False
8518,2018,nike,in-season,75.0,56.25,False
8519,2018,nike,in-season,75.0,56.25,False
8520,2018,nike,in-season,75.0,64.99,False
8521,2018,nike,in-season,75.0,56.25,False
8522,2018,nike,in-season,75.0,56.25,False
8523,2018,nike,in-season,75.0,52.5,False
8524,2018,nike,in-season,75.0,64.99,False
8525,2018,nike,in-season,75.0,56.25,False
8526,2018,nike,in-season,75.0,56.25,False
8527,2018,nike,in-season,75.0,56.25,False
8528,2018,nike,in-season,75.0,75.0,False
8529,2018,nike,in-season,75.0,64.99,False
8530,2018,nike,in-season,75.0,56.25,False
8531,2018,nike,in-season,75.0,64.99,False
8532,2018,nike,in-season,75.0,56.25,False
8533,2018,nike,in-season,75.0,75.0,False
8534,2018,nike,in-season,75.0,56.25,False
8535,2018,nike,in-season,75.0,75.0,False
8536,2018,nike,in-season,75.0,56.25,False
8537,2018,nike,in-season,75.0,64.99,False
8538,2018,nike,in-season,75.0,56.25,False
8539,2018,nike,in-season,75.0,64.99,False
8540,2018,nike,in-season,75.0,64.99,False
8541,2018,nike,in-season,75.0,64.99,False
8542,2018,nike,in-season,75.0,64.99,False
8543,2018,nike,in-season,75.0,56.25,False
8544,2018,nike,in-season,75.0,75.0,False
8545,2018,nike,in-season,75.0,75.0,False
8546,2018,nike,in-season,75.0,75.0,False
8547,2018,nike,others,65.0,54.99,False
8548,2018,nike,others,65.0,54.99,False
8549,2018,nike,others,65.0,54.99,False
8550,2018,nike,others,65.0,48.75,False
8551,2018,nike,others,65.0,54.99,False
8552,2018,nike,others,65.0,54.99,False
8553,2018,nike,others,65.0,54.99,False
8554,2018,nike,others,65.0,65.0,False
8555,2018,nike,others,65.0,65.0,False
8556,2018,nike,others,65.0,65.0,False
8557,2018,nike,others,65.0,65.0,False
8558,2018,nike,others,65.0,65.0,False
8559,2018,nike,others,65.0,48.75,False
8560,2018,nike,others,65.0,48.75,False
8561,2018,nike,others,65.0,48.75,False
8562,2018,nike,others,65.0,65.0,False
8563,2018,nike,others,65.0,54.99,False
8564,2018,nike,others,30.0,30.0,False
8565,2018,nike,others,30.0,30.0,False
8566,2018,nike,others,30.0,24.99,False
8567,2018,nike,others,30.0,30.0,False
8568,2018,nike,others,30.0,30.0,False
8569,2018,nike,others,30.0,24.99,False
8570,2018,nike,others,30.0,24.99,False
8571,2018,nike,others,30.0,30.0,False
8572,2018,nike,others,30.0,24.99,False
8573,2018,nike,others,30.0,30.0,False
8574,2018,nike,others,30.0,24.99,False
8575,2018,nike,others,30.0,24.99,False
8576,2018,nike,others,30.0,30.0,False
8577,2018,nike,others,30.0,24.99,False
8578,2018,nike,others,30.0,24.99,False
8579,2018,nike,others,30.0,24.99,False
8580,2018,nike,others,30.0,30.0,False
8639,2018,nike,air max,85.0,85.0,False
8640,2018,nike,air max,85.0,63.75,False
8641,2018,nike,air max,85.0,63.75,False
8642,2018,nike,air max,85.0,85.0,False
8643,2018,nike,air max,85.0,63.75,False
8644,2018,nike,air max,85.0,85.0,False
8645,2018,nike,air max,85.0,63.75,False
8646,2018,nike,air max,85.0,85.0,False
8647,2018,nike,air max,85.0,85.0,False
8648,2018,nike,air max,85.0,85.0,False
8649,2018,nike,air max,85.0,63.75,False
8650,2018,nike,air max,85.0,85.0,False
8651,2018,nike,air max,85.0,85.0,False
8652,2018,nike,air max,85.0,85.0,False
8653,2018,nike,air max,85.0,85.0,False
8654,2018,nike,air max,85.0,85.0,False
8655,2018,nike,air max,85.0,63.75,False
8656,2018,nike,air max,85.0,85.0,False
8657,2018,nike,air max,85.0,63.75,False
8658,2018,nike,air max,85.0,63.75,False
8659,2018,nike,air max,85.0,85.0,False
8660,2018,nike,air max,85.0,63.75,False
8661,2018,nike,air max,85.0,85.0,False
8662,2018,nike,air max,85.0,63.75,False
8663,2018,nike,air max,85.0,85.0,False
8664,2018,nike,air max,85.0,85.0,False
8665,2018,nike,air max,85.0,63.75,False
8666,2018,nike,air max,85.0,63.75,False
8667,2018,nike,air max,85.0,85.0,False
8668,2018,nike,air max,85.0,63.75,False
8669,2018,nike,air max,85.0,63.75,False
8670,2018,nike,air max,85.0,85.0,False
8671,2018,nike,air max,85.0,85.0,False
8672,2018,nike,air max,85.0,85.0,False
8673,2018,nike,air max,85.0,85.0,False
9787,2018,nike,pegasus,109.95,82.46,True
9788,2018,nike,pegasus,109.95,82.46,True
9789,2018,nike,pegasus,109.95,82.46,True
9790,2018,nike,pegasus,109.95,82.46,True
9791,2018,nike,pegasus,109.95,82.46,True
9792,2018,nike,pegasus,109.95,82.46,True
9793,2018,nike,pegasus,109.95,82.46,True
9807,2018,nike,others,74.95,48.72,True
9808,2018,nike,lunar running,119.95,89.96,True
9809,2018,nike,lunar running,119.95,89.96,True
9810,2018,nike,lunar running,159.95,95.97,True
9811,2018,nike,lunar running,159.95,95.97,True
9812,2018,nike,others,99.95,99.95,False
9813,2018,nike,others,99.95,99.95,False
9814,2018,nike,others,99.95,99.95,False
9998,2018,nike,az structure,119.95,89.96,True
0,2021,nike,others,90.0,90.0,False
1,2021,nike,others,100.0,100.0,False
2,2021,nike,pegasus,120.0,120.0,False
3,2021,nike,others,180.0,180.0,False
4,2021,nike,others,110.0,110.0,False
5,2021,nike,others,110.0,110.0,False
6,2021,nike,others,110.0,110.0,False
7,2021,nike,air max,150.0,150.0,False
8,2021,nike,others,120.0,120.0,False
9,2021,nike,others,200.0,200.0,False
10,2021,nike,pegasus,130.0,130.0,False
11,2021,nike,others,140.0,140.0,False
12,2021,nike,others,100.0,100.0,False
13,2021,nike,others,275.0,275.0,False
14,2021,nike,others,250.0,250.0,False
15,2021,nike,others,95.0,95.0,False
16,2021,nike,others,110.0,110.0,False
17,2021,nike,others,30.0,30.0,False
18,2021,nike,others,100.0,100.0,False
19,2021,nike,others,130.0,130.0,False
20,2021,nike,others,75.0,75.0,False
21,2021,nike,others,120.0,120.0,False
22,2021,nike,others,110.0,110.0,False
23,2021,nike,others,130.0,130.0,False
24,2021,nike,others,35.0,35.0,False
25,2021,nike,others,110.0,110.0,False
26,2021,nike,others,110.0,110.0,False
27,2021,nike,others,55.0,55.0,False
28,2021,nike,others,120.0,120.0,False
29,2021,nike,others,100.0,100.0,False
30,2021,nike,others,160.0,160.0,False
31,2021,nike,others,140.0,140.0,False
32,2021,nike,air max,160.0,160.0,False
33,2021,nike,air max,160.0,160.0,False
34,2021,nike,others,130.0,130.0,False
35,2021,nike,others,110.0,110.0,False
36,2021,nike,air max,180.0,180.0,False
37,2021,nike,air max,180.0,180.0,False
38,2021,nike,others,100.0,100.0,False
39,2021,nike,others,160.0,160.0,False
40,2021,nike,others,140.0,140.0,False
41,2021,nike,others,120.0,120.0,False
42,2021,nike,others,95.0,95.0,False
43,2021,nike,others,120.0,120.0,False
44,2021,nike,court tennis,55.0,55.0,False
45,2021,nike,others,95.0,95.0,False
46,2021,nike,others,120.0,120.0,False
47,2021,nike,others,110.0,110.0,False
48,2021,nike,others,110.0,110.0,False
49,2021,nike,air max,80.0,80.0,False
50,2021,nike,others,160.0,160.0,False
51,2021,nike,others,100.0,100.0,False
52,2021,nike,others,120.0,120.0,False
53,2021,nike,others,100.0,100.0,False
54,2021,nike,others,150.0,150.0,False
55,2021,nike,court tennis,80.0,80.0,False
56,2021,nike,others,85.0,85.0,False
57,2021,nike,others,65.0,65.0,False
58,2021,nike,others,130.0,130.0,False
59,2021,nike,in-season,75.0,75.0,False
60,2021,nike,others,100.0,100.0,False
61,2021,nike,court tennis,60.0,60.0,False
62,2021,nike,others,300.0,300.0,False
63,2021,nike,court tennis,80.0,80.0,False
64,2021,nike,others,110.0,110.0,False
65,2021,nike,court tennis,40.0,40.0,False
66,2021,nike,others,65.0,65.0,False
67,2021,nike,others,100.0,100.0,False
68,2021,nike,others,150.0,150.0,False
69,2021,nike,sb skate,75.0,75.0,False
70,2021,nike,others,110.0,110.0,False
71,2021,nike,others,120.0,78.97,False
72,2021,nike,others,55.0,55.0,False
73,2021,nike,others,90.0,90.0,False
74,2021,nike,others,100.0,100.0,False
75,2021,nike,sb skate,75.0,75.0,False
76,2021,nike,court tennis,75.0,75.0,False
77,2021,nike,others,85.0,85.0,False
78,2021,nike,others,120.0,120.0,False
79,2021,nike,others,85.0,85.0,False
80,2021,nike,pegasus,130.0,130.0,False
81,2021,nike,others,275.0,275.0,False
82,2021,nike,others,80.0,80.0,False
83,2021,nike,others,85.0,85.0,False
84,2021,nike,others,250.0,250.0,False
85,2021,nike,others,80.0,80.0,False
86,2021,nike,others,85.0,85.0,False
87,2021,nike,others,80.0,80.0,False
88,2021,nike,others,100.0,100.0,False
89,2021,nike,others,250.0,250.0,False
90,2021,nike,others,275.0,275.0,False
91,2021,nike,others,85.0,85.0,False
92,2021,nike,others,110.0,110.0,False
93,2021,nike,air max,130.0,97.97,False
94,2021,nike,others,110.0,110.0,False
95,2021,nike,others,85.0,85.0,False
96,2021,nike,court tennis,65.0,65.0,False
97,2021,nike,air max,90.0,58.97,True
98,2021,nike,others,140.0,140.0,False
99,2021,nike,others,60.0,43.97,True
100,2021,nike,in-season,75.0,59.97,True
101,2021,nike,racing,100.0,64.97,False
102,2021,nike,others,90.0,90.0,False
103,2021,nike,court tennis,75.0,75.0,False
104,2021,nike,others,230.0,207.97,True
105,2021,nike,sb skate,85.0,85.0,False
106,2021,nike,sb skate,85.0,85.0,False
107,2021,nike,sb skate,95.0,95.0,False
108,2021,nike,sb skate,105.0,105.0,False
109,2021,nike,others,40.0,27.97,True
110,2021,nike,sb skate,60.0,60.0,False
111,2021,nike,others,110.0,110.0,False
112,2021,nike,others,80.0,80.0,False
113,2021,nike,others,180.0,180.0,False
114,2021,nike,others,100.0,100.0,False
115,2021,nike,others,80.0,80.0,False
116,2021,nike,others,60.0,54.97,True
117,2021,nike,court tennis,135.0,135.0,False
118,2021,nike,sb skate,75.0,75.0,False
119,2021,nike,others,80.0,80.0,False
120,2021,nike,others,65.0,65.0,False
121,2021,nike,others,80.0,72.97,True
122,2021,nike,others,110.0,110.0,False
123,2021,nike,others,90.0,84.97,True
124,2021,nike,air max,140.0,98.97,False
125,2021,nike,others,85.0,85.0,False
126,2021,nike,others,140.0,101.97,True
127,2021,nike,others,65.0,55.97,True
128,2021,nike,others,100.0,100.0,False
129,2021,nike,others,70.0,50.97,True
130,2021,nike,others,65.0,65.0,False
131,2021,nike,others,50.0,50.0,False
132,2021,nike,sb skate,60.0,60.0,False
133,2021,nike,others,60.0,60.0,False
134,2021,nike,others,65.0,65.0,False
135,2021,nike,court tennis,120.0,120.0,False
136,2021,nike,others,160.0,160.0,False
137,2021,nike,others,80.0,80.0,False
138,2021,nike,others,120.0,120.0,False
139,2021,nike,sb skate,100.0,100.0,False
140,2021,nike,others,130.0,130.0,False
141,2021,nike,others,140.0,140.0,False
142,2021,nike,others,130.0,130.0,False
143,2021,nike,az winflo,90.0,79.97,True
144,2021,nike,air max,140.0,140.0,False
145,2021,nike,others,130.0,130.0,False
146,2021,nike,az winflo,90.0,90.0,False
147,2021,nike,az structure,120.0,120.0,False
148,2021,nike,others,140.0,140.0,False
149,2021,nike,others,80.0,80.0,False
150,2021,nike,others,130.0,130.0,False
151,2021,nike,others,150.0,119.97,True
152,2021,nike,others,120.0,120.0,False
153,2021,nike,air max,90.0,90.0,False
154,2021,nike,flex experience,65.0,54.97,True
155,2021,nike,sb skate,65.0,65.0,False
156,2021,nike,others,110.0,110.0,False
157,2021,nike,sb skate,80.0,80.0,False
158,2021,nike,others,110.0,110.0,False
159,2021,nike,others,150.0,150.0,False
160,2021,nike,others,110.0,110.0,False
161,2021,nike,others,65.0,59.97,True
162,2021,nike,others,70.0,70.0,False
163,2021,nike,sb skate,80.0,69.97,True
164,2021,nike,others,150.0,150.0,False
165,2021,nike,others,130.0,130.0,False
166,2021,nike,others,75.0,75.0,False
167,2021,nike,court tennis,140.0,140.0,False
168,2021,nike,court tennis,35.0,35.0,False
169,2021,nike,others,70.0,70.0,False
170,2021,nike,others,65.0,65.0,False
171,2021,nike,air max,190.0,190.0,False
172,2021,nike,air max,150.0,150.0,False
173,2021,nike,others,140.0,140.0,False
174,2021,nike,others,110.0,110.0,False
175,2021,nike,pegasus,165.0,165.0,False
176,2021,nike,others,100.0,100.0,False
177,2021,nike,others,110.0,110.0,False
178,2021,nike,others,140.0,140.0,False
179,2021,nike,others,160.0,160.0,False
180,2021,nike,others,275.0,223.97,True
181,2021,nike,others,80.0,80.0,False
182,2021,nike,racing,100.0,100.0,False
183,2021,nike,others,200.0,142.97,True
184,2021,nike,others,100.0,100.0,False
185,2021,nike,others,65.0,65.0,False
186,2021,nike,pegasus,140.0,140.0,False
187,2021,nike,air max,90.0,90.0,False
188,2021,nike,court tennis,80.0,80.0,False
189,2021,nike,others,200.0,200.0,False
190,2021,nike,others,130.0,130.0,False
191,2021,nike,others,120.0,72.97,False
192,2021,nike,lunar running,75.0,75.0,False
193,2021,nike,others,100.0,85.97,False
194,2021,nike,others,18.0,18.0,False
195,2021,nike,others,270.0,270.0,False
196,2021,nike,others,65.0,65.0,False
197,2021,nike,others,295.0,295.0,False
198,2021,nike,others,100.0,100.0,False
199,2021,nike,others,100.0,72.97,False
200,2021,nike,others,270.0,270.0,False
201,2021,nike,others,80.0,80.0,False
202,2021,nike,others,100.0,100.0,False
203,2021,nike,others,280.0,280.0,False
204,2021,nike,others,150.0,150.0,False
205,2021,nike,others,200.0,200.0,False
206,2021,nike,air max,170.0,170.0,False
207,2021,nike,others,120.0,120.0,False
208,2021,nike,others,250.0,250.0,False
209,2021,nike,others,180.0,180.0,False
210,2021,nike,pegasus,130.0,130.0,False
211,2021,nike,others,130.0,130.0,False
212,2021,nike,others,160.0,160.0,False
213,2021,nike,others,280.0,280.0,False
214,2021,nike,sb skate,80.0,80.0,False
215,2021,nike,others,70.0,70.0,False
216,2021,nike,others,230.0,230.0,False
217,2021,nike,others,160.0,103.97,True
218,2021,nike,others,150.0,150.0,False
219,2021,nike,others,80.0,80.0,False
220,2021,nike,air max,130.0,130.0,False
221,2021,nike,others,70.0,70.0,False
222,2021,nike,others,180.0,180.0,False
223,2021,nike,others,65.0,53.97,True
224,2021,nike,others,65.0,31.97,True
225,2021,nike,others,150.0,150.0,False
226,2021,nike,pegasus,120.0,120.0,False
227,2021,nike,others,200.0,200.0,False
228,2021,nike,others,90.0,90.0,False
229,2021,nike,sb skate,70.0,70.0,False
230,2021,nike,others,150.0,150.0,False
231,2021,nike,court tennis,150.0,150.0,False
232,2021,nike,others,160.0,144.97,True
233,2021,nike,others,90.0,90.0,False
234,2021,nike,others,80.0,80.0,False
235,2021,nike,others,24.0,19.97,True
236,2021,nike,others,120.0,95.97,False
237,2021,nike,court tennis,60.0,60.0,False
238,2021,nike,others,100.0,100.0,False
239,2021,nike,others,90.0,90.0,False
240,2021,nike,others,150.0,150.0,False
241,2021,nike,others,40.0,40.0,False
242,2021,nike,others,110.0,110.0,False
243,2021,nike,others,65.0,65.0,False
244,2021,nike,air max,150.0,150.0,False
245,2021,nike,others,120.0,120.0,False
246,2021,nike,others,60.0,60.0,False
247,2021,nike,others,110.0,110.0,False
248,2021,nike,others,140.0,90.97,False
249,2021,nike,others,125.0,125.0,False
250,2021,nike,air max,150.0,91.97,False
251,2021,nike,others,65.0,65.0,False
252,2021,nike,pegasus,120.0,120.0,False
253,2021,nike,others,270.0,270.0,False
254,2021,nike,others,130.0,130.0,False
255,2021,nike,others,100.0,100.0,False
256,2021,nike,air max,100.0,100.0,False
257,2021,nike,others,70.0,70.0,False
258,2021,nike,air max,95.0,84.97,True
259,2021,nike,others,110.0,110.0,False
260,2021,nike,others,25.0,25.0,False
261,2021,nike,air max,160.0,160.0,False
262,2021,nike,others,110.0,110.0,False
263,2021,nike,others,85.0,85.0,False
264,2021,nike,others,140.0,140.0,False
265,2021,nike,others,225.0,225.0,False
266,2021,nike,court tennis,160.0,160.0,False
267,2021,nike,air max,160.0,98.97,False
268,2021,nike,others,140.0,140.0,False
269,2021,nike,others,120.0,120.0,False
270,2021,nike,others,130.0,130.0,False
271,2021,nike,sb skate,105.0,105.0,False
272,2021,nike,others,120.0,120.0,False
273,2021,nike,others,55.0,55.0,False
274,2021,nike,sb skate,70.0,70.0,False
275,2021,nike,others,130.0,130.0,False
276,2021,nike,others,230.0,230.0,False
277,2021,nike,air max,120.0,84.97,False
278,2021,nike,others,60.0,60.0,False
279,2021,nike,air max,100.0,100.0,False
280,2021,nike,others,90.0,90.0,False
281,2021,nike,others,65.0,65.0,False
282,2021,nike,others,80.0,80.0,False
283,2021,nike,others,70.0,70.0,False
284,2021,nike,others,130.0,130.0,False
285,2021,nike,others,45.0,45.0,False
286,2021,nike,air max,170.0,114.97,True
287,2021,nike,others,75.0,75.0,False
288,2021,nike,others,160.0,135.97,True
289,2021,nike,others,90.0,90.0,False
290,2021,nike,court tennis,75.0,75.0,False
291,2021,nike,others,30.0,30.0,False
292,2021,nike,others,65.0,65.0,False
293,2021,nike,others,140.0,119.97,True
294,2021,nike,others,90.0,71.97,True
295,2021,nike,others,265.0,265.0,False
296,2021,nike,others,90.0,90.0,False
297,2021,nike,others,150.0,150.0,False
298,2021,nike,others,105.0,105.0,False
299,2021,nike,others,65.0,41.97,True
300,2021,nike,others,55.0,55.0,False
301,2021,nike,air max,130.0,130.0,False
302,2021,nike,others,150.0,150.0,False
303,2021,nike,others,130.0,130.0,False
304,2021,nike,others,80.0,80.0,False
305,2021,nike,others,125.0,89.97,False
306,2021,nike,others,65.0,65.0,False
307,2021,nike,others,75.0,75.0,False
308,2021,nike,others,125.0,112.97,True
309,2021,nike,others,90.0,90.0,False
310,2021,nike,air max,80.0,80.0,False
311,2021,nike,others,85.0,85.0,False
312,2021,nike,sb skate,100.0,100.0,False
313,2021,nike,air max,90.0,90.0,False
314,2021,nike,others,40.0,26.97,True
315,2021,nike,others,85.0,69.97,True
316,2021,nike,others,80.0,80.0,False
317,2021,nike,others,55.0,55.0,False
318,2021,nike,others,65.0,50.97,True
319,2021,nike,others,80.0,80.0,False
320,2021,nike,others,120.0,120.0,False
321,2021,nike,court tennis,45.0,45.0,False
322,2021,nike,others,75.0,75.0,False
323,2021,nike,others,110.0,110.0,False
324,2021,nike,others,200.0,200.0,False
325,2021,nike,others,70.0,70.0,False
326,2021,nike,others,80.0,63.97,True
327,2021,nike,others,70.0,70.0,False
328,2021,nike,others,100.0,100.0,False
329,2021,nike,air max,130.0,93.97,False
330,2021,nike,others,55.0,55.0,False
331,2021,nike,others,120.0,120.0,False
332,2021,nike,others,130.0,130.0,False
333,2021,nike,others,120.0,120.0,False
334,2021,nike,others,130.0,130.0,False
335,2021,nike,others,165.0,111.97,True
336,2021,nike,others,120.0,120.0,False
337,2021,nike,others,180.0,180.0,False
338,2021,nike,court tennis,55.0,55.0,False
339,2021,nike,others,30.0,30.0,False
340,2021,nike,others,200.0,200.0,False
341,2021,nike,others,75.0,75.0,False
342,2021,nike,air max,120.0,120.0,False
343,2021,nike,others,120.0,120.0,False
344,2021,nike,others,100.0,100.0,False
345,2021,nike,others,55.0,55.0,False
346,2021,nike,others,100.0,79.97,False
347,2021,nike,others,100.0,100.0,False
348,2021,nike,others,125.0,125.0,False
349,2021,nike,others,220.0,220.0,False
350,2021,nike,air max,160.0,160.0,False
351,2021,nike,others,130.0,130.0,False
352,2021,nike,others,65.0,65.0,False
353,2021,nike,racing,100.0,60.97,False
354,2021,nike,others,180.0,180.0,False
355,2021,nike,others,90.0,90.0,False
356,2021,nike,air max,140.0,140.0,False
357,2021,nike,others,65.0,48.97,True
358,2021,nike,air max,120.0,120.0,False
359,2021,nike,others,150.0,150.0,False
360,2021,nike,others,150.0,150.0,False
361,2021,nike,others,130.0,130.0,False
362,2021,nike,sb skate,80.0,80.0,False
363,2021,nike,others,130.0,130.0,False
364,2021,nike,others,75.0,75.0,False
365,2021,nike,others,100.0,100.0,False
366,2021,nike,others,160.0,160.0,False
367,2021,nike,others,110.0,110.0,False
368,2021,nike,others,75.0,75.0,False
369,2021,nike,others,115.0,115.0,False
370,2021,nike,others,120.0,120.0,False
371,2021,nike,others,70.0,70.0,False
372,2021,nike,others,110.0,110.0,False
373,2021,nike,others,150.0,150.0,False
374,2021,nike,others,130.0,130.0,False
375,2021,nike,others,150.0,150.0,False
376,2021,nike,court tennis,45.0,45.0,False
377,2021,nike,others,85.0,56.97,True
378,2021,nike,others,70.0,39.97,True
379,2021,nike,air max,180.0,180.0,False
380,2021,nike,court tennis,65.0,65.0,False
381,2021,nike,others,120.0,120.0,False
382,2021,nike,others,80.0,80.0,False
383,2021,nike,others,130.0,130.0,False
